<?xml version="1.0" encoding="UTF-8"?>
<project-private xmlns="http://www.netbeans.org/ns/project-private/1">
    <editor-bookmarks xmlns="http://www.netbeans.org/ns/editor-bookmarks/2" lastBookmarkId="0"/>
    <open-files xmlns="http://www.netbeans.org/ns/projectui-open-files/2">
        <group>
            <file>file:/C:/Users/JOSEPH/Desktop/Registro%20de%20Productos%20en%20Inventario/src/Main/Registro.java</file>
            <file>file:/C:/Users/JOSEPH/Desktop/Registro%20de%20Productos%20en%20Inventario/src/clases/Gestion_Registros.java</file>
            <file>file:/C:/Users/JOSEPH/Desktop/Registro%20de%20Productos%20en%20Inventario/src/clases/Registro_Utilidades.java</file>
            <file>file:/C:/Users/JOSEPH/Desktop/Registro%20de%20Productos%20en%20Inventario/src/vista/Diseño.java</file>
        </group>
    </open-files>
</project-private>
